window_type,storeys_mean,units_mean
DOUBLE PANE,177.7434210526316,13.31359649122807
SINGLE PANE,189.96610169491527,13.288135593220339
THERMAL,181.35294117647058,13
